price,file_name
2530,1.jpg.jpg
1455,2.jpg.jpg
5550,3.jpg.jpg
3287,4.jpg.jpg
1315,5.jpg.jpg
3735,6.jpg.jpg
2685,7.jpg.jpg
1950,8.jpg.jpg
1518,9.jpg.jpg
1300,10.jpg.jpg
3398,11.jpg.jpg
805,12.jpg.jpg
668,13.jpg.jpg
880,14.jpg.jpg
1780,15.jpg.jpg
2955,16.jpg.jpg
1073,17.jpg.jpg
2170,18.jpg.jpg
3685,19.jpg.jpg
408,20.jpg.jpg
310,21.jpg.jpg
411,22.jpg.jpg
3220,23.jpg.jpg
1825,24.jpg.jpg
3840,25.jpg.jpg
212,26.jpg.jpg
3150,27.jpg.jpg
495,28.jpg.jpg
5470,29.jpg.jpg
386,30.jpg.jpg
1930,31.jpg.jpg
3070,32.jpg.jpg
3830,33.jpg.jpg
3525,34.jpg.jpg
2575,35.jpg.jpg
2665,36.jpg.jpg
1403,37.jpg.jpg
1510,38.jpg.jpg
2040,39.jpg.jpg
1045,40.jpg.jpg
1665,41.jpg.jpg
1140,42.jpg.jpg
1630,43.jpg.jpg
1844,44.jpg.jpg
1911,45.jpg.jpg
673,46.jpg.jpg
685,47.jpg.jpg
500,48.jpg.jpg
2793,49.jpg.jpg
1093,50.jpg.jpg
1755,51.jpg.jpg
700,52.jpg.jpg
3000,53.jpg.jpg
5540,54.jpg.jpg
84360,55.jpg.jpg
300,56.jpg.jpg
3990,57.jpg.jpg
1715,58.jpg.jpg
1222,59.jpg.jpg
771,60.jpg.jpg
2390,61.jpg.jpg
408,62.jpg.jpg
479,63.jpg.jpg
355,64.jpg.jpg
7455,65.jpg.jpg
2420,66.jpg.jpg
593,67.jpg.jpg
3923,68.jpg.jpg
2910,69.jpg.jpg
858,70.jpg.jpg
405,71.jpg.jpg
11400,72.jpg.jpg
1975,73.jpg.jpg
7093,74.jpg.jpg
987,75.jpg.jpg
3339,76.jpg.jpg
2910,77.jpg.jpg
4184,78.jpg.jpg
1955,79.jpg.jpg
1035,80.jpg.jpg
1031,81.jpg.jpg
2558,82.jpg.jpg
1110,83.jpg.jpg
280,84.jpg.jpg
12025,85.jpg.jpg
1160,86.jpg.jpg
2096,87.jpg.jpg
1831,88.jpg.jpg
4225,89.jpg.jpg
1885,90.jpg.jpg
835,91.jpg.jpg
476,92.jpg.jpg
1686,93.jpg.jpg
2385,94.jpg.jpg
3435,95.jpg.jpg
395,96.jpg.jpg
1240,97.jpg.jpg
4393,98.jpg.jpg
3725,99.jpg.jpg
195,100.jpg.jpg
2895,101.jpg.jpg
900,102.jpg.jpg
1623,103.jpg.jpg
1225,104.jpg.jpg
3499,105.jpg.jpg
12625,106.jpg.jpg
960,107.jpg.jpg
845,108.jpg.jpg
1763,109.jpg.jpg
4165,110.jpg.jpg
408,111.jpg.jpg
8995,112.jpg.jpg
7260,113.jpg.jpg
2278,114.jpg.jpg
1785,115.jpg.jpg
1284,116.jpg.jpg
384,117.jpg.jpg
3715,118.jpg.jpg
3180,119.jpg.jpg
517,120.jpg.jpg
3100,121.jpg.jpg
3073,122.jpg.jpg
4410,123.jpg.jpg
1110,124.jpg.jpg
2901,125.jpg.jpg
8185,126.jpg.jpg
1602,127.jpg.jpg
382,128.jpg.jpg
4710,129.jpg.jpg
3062,130.jpg.jpg
2307,131.jpg.jpg
10390,132.jpg.jpg
5759,133.jpg.jpg
218,134.jpg.jpg
25330,135.jpg.jpg
4750,136.jpg.jpg
670,137.jpg.jpg
4389,138.jpg.jpg
2330,139.jpg.jpg
3735,140.jpg.jpg
10115,141.jpg.jpg
2047,142.jpg.jpg
2070,143.jpg.jpg
1327,144.jpg.jpg
8590,145.jpg.jpg
14950,146.jpg.jpg
5274,147.jpg.jpg
4775,148.jpg.jpg
2560,149.jpg.jpg
11830,150.jpg.jpg
1615,151.jpg.jpg
3225,152.jpg.jpg
4103,153.jpg.jpg
1390,154.jpg.jpg
10890,155.jpg.jpg
4610,156.jpg.jpg
10720,157.jpg.jpg
8803,158.jpg.jpg
1240,159.jpg.jpg
2825,160.jpg.jpg
2000,161.jpg.jpg
417,162.jpg.jpg
3225,163.jpg.jpg
1220,164.jpg.jpg
2671,165.jpg.jpg
876,166.jpg.jpg
4295,167.jpg.jpg
2800,168.jpg.jpg
4708,169.jpg.jpg
593,170.jpg.jpg
5600,171.jpg.jpg
2843,172.jpg.jpg
382,173.jpg.jpg
528,174.jpg.jpg
213,175.jpg.jpg
3600,176.jpg.jpg
45600,177.jpg.jpg
5633,178.jpg.jpg
550,179.jpg.jpg
408,180.jpg.jpg
2115,181.jpg.jpg
2993,182.jpg.jpg
3625,183.jpg.jpg
186,184.jpg.jpg
3453,185.jpg.jpg
520,186.jpg.jpg
844,187.jpg.jpg
1127,188.jpg.jpg
7740,189.jpg.jpg
2631,190.jpg.jpg
8188,191.jpg.jpg
27920,192.jpg.jpg
2745,193.jpg.jpg
6115,194.jpg.jpg
3225,195.jpg.jpg
7390,196.jpg.jpg
1055,197.jpg.jpg
3990,198.jpg.jpg
1138,199.jpg.jpg
740,200.jpg.jpg
544,201.jpg.jpg
9800,202.jpg.jpg
5885,203.jpg.jpg
490,204.jpg.jpg
1031,205.jpg.jpg
4554,206.jpg.jpg
1965,207.jpg.jpg
1705,208.jpg.jpg
1390,209.jpg.jpg
2518,210.jpg.jpg
1735,211.jpg.jpg
2753,212.jpg.jpg
4330,213.jpg.jpg
425,214.jpg.jpg
4260,215.jpg.jpg
3598,216.jpg.jpg
2905,217.jpg.jpg
2007,218.jpg.jpg
1993,219.jpg.jpg
4485,220.jpg.jpg
7645,221.jpg.jpg
1838,222.jpg.jpg
5255,223.jpg.jpg
1960,224.jpg.jpg
3440,225.jpg.jpg
5905,226.jpg.jpg
2220,227.jpg.jpg
4231,228.jpg.jpg
185,229.jpg.jpg
2885,230.jpg.jpg
5600,231.jpg.jpg
416,232.jpg.jpg
3760,233.jpg.jpg
145,234.jpg.jpg
6906,235.jpg.jpg
1218,236.jpg.jpg
918,237.jpg.jpg
4958,238.jpg.jpg
1215,239.jpg.jpg
2580,240.jpg.jpg
2175,241.jpg.jpg
1635,242.jpg.jpg
4095,243.jpg.jpg
979,244.jpg.jpg
855,245.jpg.jpg
7590,246.jpg.jpg
3840,247.jpg.jpg
5396,248.jpg.jpg
1967,249.jpg.jpg
7825,250.jpg.jpg
648,251.jpg.jpg
12850,252.jpg.jpg
5975,253.jpg.jpg
1787,254.jpg.jpg
455,255.jpg.jpg
1035,256.jpg.jpg
810,257.jpg.jpg
5470,258.jpg.jpg
490,259.jpg.jpg
4485,260.jpg.jpg
175,261.jpg.jpg
2230,262.jpg.jpg
2595,263.jpg.jpg
303,264.jpg.jpg
3540,265.jpg.jpg
23550,266.jpg.jpg
2665,267.jpg.jpg
6945,268.jpg.jpg
1735,269.jpg.jpg
1975,270.jpg.jpg
2660,271.jpg.jpg
3452,272.jpg.jpg
1373,273.jpg.jpg
5088,274.jpg.jpg
772,275.jpg.jpg
488,276.jpg.jpg
915,277.jpg.jpg
4905,278.jpg.jpg
3280,279.jpg.jpg
2440,280.jpg.jpg
3483,281.jpg.jpg
1420,282.jpg.jpg
227,283.jpg.jpg
1280,284.jpg.jpg
5773,285.jpg.jpg
2095,286.jpg.jpg
815,287.jpg.jpg
4082,288.jpg.jpg
3613,289.jpg.jpg
106300,290.jpg.jpg
1224,291.jpg.jpg
1045,292.jpg.jpg
145,293.jpg.jpg
1330,294.jpg.jpg
8225,295.jpg.jpg
435,296.jpg.jpg
608,297.jpg.jpg
1105,298.jpg.jpg
239,299.jpg.jpg
540,300.jpg.jpg
2925,301.jpg.jpg
2520,302.jpg.jpg
1900,303.jpg.jpg
908,304.jpg.jpg
5360,305.jpg.jpg
3390,306.jpg.jpg
1761,307.jpg.jpg
900,308.jpg.jpg
4155,309.jpg.jpg
1678,310.jpg.jpg
2010,311.jpg.jpg
13285,312.jpg.jpg
4075,313.jpg.jpg
4728,314.jpg.jpg
513,315.jpg.jpg
1800,316.jpg.jpg
6923,317.jpg.jpg
1040,318.jpg.jpg
14313,319.jpg.jpg
9465,320.jpg.jpg
1492,321.jpg.jpg
708,322.jpg.jpg
795,323.jpg.jpg
1328,324.jpg.jpg
3582,325.jpg.jpg
1110,326.jpg.jpg
670,327.jpg.jpg
1405,328.jpg.jpg
2420,329.jpg.jpg
1968,330.jpg.jpg
2580,331.jpg.jpg
390,332.jpg.jpg
973,333.jpg.jpg
4970,334.jpg.jpg
9210,335.jpg.jpg
3015,336.jpg.jpg
815,337.jpg.jpg
8360,338.jpg.jpg
374,339.jpg.jpg
540,340.jpg.jpg
460,341.jpg.jpg
4950,342.jpg.jpg
6160,343.jpg.jpg
733,344.jpg.jpg
3055,345.jpg.jpg
783,346.jpg.jpg
1058,347.jpg.jpg
198,348.jpg.jpg
9180,349.jpg.jpg
408,350.jpg.jpg
1960,351.jpg.jpg
12713,352.jpg.jpg
1500,353.jpg.jpg
1520,354.jpg.jpg
260,355.jpg.jpg
458,356.jpg.jpg
4835,357.jpg.jpg
2077,358.jpg.jpg
7230,359.jpg.jpg
6375,360.jpg.jpg
5600,361.jpg.jpg
385,362.jpg.jpg
5893,363.jpg.jpg
3440,364.jpg.jpg
3120,365.jpg.jpg
13820,366.jpg.jpg
299,367.jpg.jpg
740,368.jpg.jpg
753,369.jpg.jpg
20790,370.jpg.jpg
3855,371.jpg.jpg
5855,372.jpg.jpg
6913,373.jpg.jpg
4285,374.jpg.jpg
3718,375.jpg.jpg
2573,376.jpg.jpg
630,377.jpg.jpg
1422,378.jpg.jpg
9105,379.jpg.jpg
2225,380.jpg.jpg
1810,381.jpg.jpg
1225,382.jpg.jpg
1240,383.jpg.jpg
809,384.jpg.jpg
2230,385.jpg.jpg
51700,386.jpg.jpg
1020,387.jpg.jpg
34690,388.jpg.jpg
828,389.jpg.jpg
1920,390.jpg.jpg
8050,391.jpg.jpg
5372,392.jpg.jpg
6210,393.jpg.jpg
7920,394.jpg.jpg
5890,395.jpg.jpg
1990,396.jpg.jpg
1530,397.jpg.jpg
1892,398.jpg.jpg
2370,399.jpg.jpg
1622,400.jpg.jpg
2572,401.jpg.jpg
5315,402.jpg.jpg
1205,403.jpg.jpg
19675,404.jpg.jpg
1731,405.jpg.jpg
478,406.jpg.jpg
1110,407.jpg.jpg
1380,408.jpg.jpg
1400,409.jpg.jpg
2805,410.jpg.jpg
789,411.jpg.jpg
3330,412.jpg.jpg
1125,413.jpg.jpg
355,414.jpg.jpg
1805,415.jpg.jpg
795,416.jpg.jpg
2219,417.jpg.jpg
1878,418.jpg.jpg
4025,419.jpg.jpg
838,420.jpg.jpg
1590,421.jpg.jpg
3252,422.jpg.jpg
1090,423.jpg.jpg
9950,424.jpg.jpg
697,425.jpg.jpg
342,426.jpg.jpg
5460,427.jpg.jpg
730,428.jpg.jpg
17775,429.jpg.jpg
2300,430.jpg.jpg
1275,431.jpg.jpg
985,432.jpg.jpg
250,433.jpg.jpg
6800,434.jpg.jpg
1005,435.jpg.jpg
175,436.jpg.jpg
3608,437.jpg.jpg
2875,438.jpg.jpg
1353,439.jpg.jpg
2570,440.jpg.jpg
3210,441.jpg.jpg
7235,442.jpg.jpg
2580,443.jpg.jpg
250,444.jpg.jpg
299,445.jpg.jpg
1325,446.jpg.jpg
5045,447.jpg.jpg
2180,448.jpg.jpg
3735,449.jpg.jpg
6820,450.jpg.jpg
683,451.jpg.jpg
1345,452.jpg.jpg
3035,453.jpg.jpg
1193,454.jpg.jpg
7410,455.jpg.jpg
4530,456.jpg.jpg
227,457.jpg.jpg
499,458.jpg.jpg
1610,459.jpg.jpg
5988,460.jpg.jpg
750,461.jpg.jpg
3025,462.jpg.jpg
250,463.jpg.jpg
1945,464.jpg.jpg
375,465.jpg.jpg
670,466.jpg.jpg
2260,467.jpg.jpg
365,468.jpg.jpg
5370,469.jpg.jpg
438,470.jpg.jpg
2290,471.jpg.jpg
12760,472.jpg.jpg
710,473.jpg.jpg
1525,474.jpg.jpg
2075,475.jpg.jpg
1695,476.jpg.jpg
3073,477.jpg.jpg
8598,478.jpg.jpg
500,479.jpg.jpg
1510,480.jpg.jpg
9510,481.jpg.jpg
3545,482.jpg.jpg
1810,483.jpg.jpg
3175,484.jpg.jpg
2810,485.jpg.jpg
10750,486.jpg.jpg
2090,487.jpg.jpg
2095,488.jpg.jpg
2518,489.jpg.jpg
20640,490.jpg.jpg
1070,491.jpg.jpg
1735,492.jpg.jpg
2175,493.jpg.jpg
2323,494.jpg.jpg
1059,495.jpg.jpg
307,496.jpg.jpg
2328,497.jpg.jpg
3420,498.jpg.jpg
7995,499.jpg.jpg
7110,500.jpg.jpg
897,501.jpg.jpg
9190,502.jpg.jpg
4230,503.jpg.jpg
3815,504.jpg.jpg
963,505.jpg.jpg
2365,506.jpg.jpg
621,507.jpg.jpg
5310,508.jpg.jpg
1685,509.jpg.jpg
7855,510.jpg.jpg
561,511.jpg.jpg
4760,512.jpg.jpg
1180,513.jpg.jpg
856,514.jpg.jpg
1405,515.jpg.jpg
2200,516.jpg.jpg
8900,517.jpg.jpg
1788,518.jpg.jpg
1585,519.jpg.jpg
2633,520.jpg.jpg
2135,521.jpg.jpg
1324,522.jpg.jpg
3735,523.jpg.jpg
560,524.jpg.jpg
5433,525.jpg.jpg
250,526.jpg.jpg
307,527.jpg.jpg
1610,528.jpg.jpg
565,529.jpg.jpg
4991,530.jpg.jpg
4288,531.jpg.jpg
1573,532.jpg.jpg
3529,533.jpg.jpg
1797,534.jpg.jpg
6500,535.jpg.jpg
4050,536.jpg.jpg
3030,537.jpg.jpg
5000,538.jpg.jpg
1980,539.jpg.jpg
7335,540.jpg.jpg
11800,541.jpg.jpg
2675,542.jpg.jpg
3600,543.jpg.jpg
887,544.jpg.jpg
2270,545.jpg.jpg
1442,546.jpg.jpg
1645,547.jpg.jpg
3970,548.jpg.jpg
625,549.jpg.jpg
2825,550.jpg.jpg
985,551.jpg.jpg
17775,552.jpg.jpg
730,553.jpg.jpg
1510,554.jpg.jpg
815,555.jpg.jpg
12050,556.jpg.jpg
2470,557.jpg.jpg
2000,558.jpg.jpg
408,559.jpg.jpg
36615,560.jpg.jpg
175,561.jpg.jpg
10750,562.jpg.jpg
660,563.jpg.jpg
4060,564.jpg.jpg
1615,565.jpg.jpg
1224,566.jpg.jpg
175,567.jpg.jpg
1955,568.jpg.jpg
617,569.jpg.jpg
9540,570.jpg.jpg
5578,571.jpg.jpg
1543,572.jpg.jpg
5085,573.jpg.jpg
10510,574.jpg.jpg
6710,575.jpg.jpg
446,576.jpg.jpg
2515,577.jpg.jpg
6972,578.jpg.jpg
9000,579.jpg.jpg
498,580.jpg.jpg
13940,581.jpg.jpg
5115,582.jpg.jpg
1255,583.jpg.jpg
235,584.jpg.jpg
5633,585.jpg.jpg
1469,586.jpg.jpg
175,587.jpg.jpg
1930,588.jpg.jpg
3403,589.jpg.jpg
1765,590.jpg.jpg
9948,591.jpg.jpg
186,592.jpg.jpg
790,593.jpg.jpg
3765,594.jpg.jpg
758,595.jpg.jpg
11100,596.jpg.jpg
406,597.jpg.jpg
1840,598.jpg.jpg
6125,599.jpg.jpg
3435,600.jpg.jpg
1800,601.jpg.jpg
2240,602.jpg.jpg
4055,603.jpg.jpg
3600,604.jpg.jpg
4520,605.jpg.jpg
2280,606.jpg.jpg
7721,607.jpg.jpg
1985,608.jpg.jpg
354,609.jpg.jpg
3750,610.jpg.jpg
1308,611.jpg.jpg
4790,612.jpg.jpg
3900,613.jpg.jpg
2581,614.jpg.jpg
8795,615.jpg.jpg
1448,616.jpg.jpg
1745,617.jpg.jpg
2855,618.jpg.jpg
499,619.jpg.jpg
15940,620.jpg.jpg
1440,621.jpg.jpg
3125,622.jpg.jpg
1485,623.jpg.jpg
1705,624.jpg.jpg
5845,625.jpg.jpg
490,626.jpg.jpg
5590,627.jpg.jpg
2057,628.jpg.jpg
5078,629.jpg.jpg
7295,630.jpg.jpg
5370,631.jpg.jpg
1840,632.jpg.jpg
5600,633.jpg.jpg
38918,634.jpg.jpg
973,635.jpg.jpg
5310,636.jpg.jpg
610,637.jpg.jpg
327,638.jpg.jpg
521,639.jpg.jpg
5865,640.jpg.jpg
1600,641.jpg.jpg
2845,642.jpg.jpg
2835,643.jpg.jpg
728,644.jpg.jpg
1471,645.jpg.jpg
1311,646.jpg.jpg
1660,647.jpg.jpg
4049,648.jpg.jpg
2835,649.jpg.jpg
907,650.jpg.jpg
395,651.jpg.jpg
4485,652.jpg.jpg
3383,653.jpg.jpg
1695,654.jpg.jpg
500,655.jpg.jpg
2065,656.jpg.jpg
2065,657.jpg.jpg
1170,658.jpg.jpg
5585,659.jpg.jpg
1457,660.jpg.jpg
14163,661.jpg.jpg
790,662.jpg.jpg
6275,663.jpg.jpg
9720,664.jpg.jpg
15880,665.jpg.jpg
1435,666.jpg.jpg
8550,667.jpg.jpg
2765,668.jpg.jpg
530,669.jpg.jpg
915,670.jpg.jpg
11465,671.jpg.jpg
823,672.jpg.jpg
2776,673.jpg.jpg
14280,674.jpg.jpg
3125,675.jpg.jpg
5430,676.jpg.jpg
8690,677.jpg.jpg
5455,678.jpg.jpg
3590,679.jpg.jpg
1005,680.jpg.jpg
22300,681.jpg.jpg
365,682.jpg.jpg
770,683.jpg.jpg
5260,684.jpg.jpg
1570,685.jpg.jpg
603,686.jpg.jpg
1995,687.jpg.jpg
3683,688.jpg.jpg
2740,689.jpg.jpg
4179,690.jpg.jpg
6669,691.jpg.jpg
7305,692.jpg.jpg
3750,693.jpg.jpg
21500,694.jpg.jpg
1310,695.jpg.jpg
460,696.jpg.jpg
3500,697.jpg.jpg
6505,698.jpg.jpg
9315,699.jpg.jpg
4340,700.jpg.jpg
3990,701.jpg.jpg
1381,702.jpg.jpg
1470,703.jpg.jpg
3170,704.jpg.jpg
1083,705.jpg.jpg
6165,706.jpg.jpg
19500,707.jpg.jpg
6475,708.jpg.jpg
2940,709.jpg.jpg
5289,710.jpg.jpg
1109,711.jpg.jpg
615,712.jpg.jpg
1734,713.jpg.jpg
7908,714.jpg.jpg
900,715.jpg.jpg
8980,716.jpg.jpg
4295,717.jpg.jpg
2787,718.jpg.jpg
2460,719.jpg.jpg
1895,720.jpg.jpg
3765,721.jpg.jpg
2230,722.jpg.jpg
5440,723.jpg.jpg
602,724.jpg.jpg
2875,725.jpg.jpg
2080,726.jpg.jpg
3130,727.jpg.jpg
1075,728.jpg.jpg
2195,729.jpg.jpg
685,730.jpg.jpg
2765,731.jpg.jpg
901,732.jpg.jpg
1140,733.jpg.jpg
1440,734.jpg.jpg
3550,735.jpg.jpg
3215,736.jpg.jpg
2608,737.jpg.jpg
145,738.jpg.jpg
2900,739.jpg.jpg
700,740.jpg.jpg
2377,741.jpg.jpg
2328,742.jpg.jpg
1765,743.jpg.jpg
2595,744.jpg.jpg
3503,745.jpg.jpg
5018,746.jpg.jpg
1895,747.jpg.jpg
8335,748.jpg.jpg
4485,749.jpg.jpg
5440,750.jpg.jpg
6565,751.jpg.jpg
8281,752.jpg.jpg
1994,753.jpg.jpg
2718,754.jpg.jpg
10335,755.jpg.jpg
2760,756.jpg.jpg
708,757.jpg.jpg
1010,758.jpg.jpg
5010,759.jpg.jpg
3225,760.jpg.jpg
3270,761.jpg.jpg
2785,762.jpg.jpg
4800,763.jpg.jpg
4659,764.jpg.jpg
3840,765.jpg.jpg
6885,766.jpg.jpg
3380,767.jpg.jpg
865,768.jpg.jpg
395,769.jpg.jpg
2955,770.jpg.jpg
374,771.jpg.jpg
823,772.jpg.jpg
11920,773.jpg.jpg
1995,774.jpg.jpg
2960,775.jpg.jpg
4170,776.jpg.jpg
198,777.jpg.jpg
250,778.jpg.jpg
1285,779.jpg.jpg
2425,780.jpg.jpg
5968,781.jpg.jpg
2445,782.jpg.jpg
1950,783.jpg.jpg
2820,784.jpg.jpg
9800,785.jpg.jpg
2550,786.jpg.jpg
5740,787.jpg.jpg
2008,788.jpg.jpg
4480,789.jpg.jpg
4215,790.jpg.jpg
1063,791.jpg.jpg
3225,792.jpg.jpg
2140,793.jpg.jpg
1820,794.jpg.jpg
1949,795.jpg.jpg
2178,796.jpg.jpg
720,797.jpg.jpg
5620,798.jpg.jpg
5375,799.jpg.jpg
2305,800.jpg.jpg
1188,801.jpg.jpg
875,802.jpg.jpg
3690,803.jpg.jpg
5115,804.jpg.jpg
4050,805.jpg.jpg
7011,806.jpg.jpg
1825,807.jpg.jpg
1029,808.jpg.jpg
2140,809.jpg.jpg
1168,810.jpg.jpg
5241,811.jpg.jpg
5750,812.jpg.jpg
1003,813.jpg.jpg
7410,814.jpg.jpg
2411,815.jpg.jpg
517,816.jpg.jpg
7050,817.jpg.jpg
4354,818.jpg.jpg
12285,819.jpg.jpg
3550,820.jpg.jpg
175,821.jpg.jpg
5245,822.jpg.jpg
511,823.jpg.jpg
1400,824.jpg.jpg
25450,825.jpg.jpg
1390,826.jpg.jpg
1705,827.jpg.jpg
1600,828.jpg.jpg
4905,829.jpg.jpg
5860,830.jpg.jpg
2380,831.jpg.jpg
1840,832.jpg.jpg
2536,833.jpg.jpg
2675,834.jpg.jpg
2313,835.jpg.jpg
2770,836.jpg.jpg
2035,837.jpg.jpg
4315,838.jpg.jpg
2060,839.jpg.jpg
1475,840.jpg.jpg
229,841.jpg.jpg
2049,842.jpg.jpg
488,843.jpg.jpg
897,844.jpg.jpg
1065,845.jpg.jpg
1725,846.jpg.jpg
880,847.jpg.jpg
897,848.jpg.jpg
5540,849.jpg.jpg
2811,850.jpg.jpg
793,851.jpg.jpg
14121,852.jpg.jpg
2547,853.jpg.jpg
207,854.jpg.jpg
4103,855.jpg.jpg
460,856.jpg.jpg
880,857.jpg.jpg
280,858.jpg.jpg
1580,859.jpg.jpg
1070,860.jpg.jpg
2135,861.jpg.jpg
3015,862.jpg.jpg
547,863.jpg.jpg
5580,864.jpg.jpg
3725,865.jpg.jpg
3220,866.jpg.jpg
1054,867.jpg.jpg
834,868.jpg.jpg
628,869.jpg.jpg
3865,870.jpg.jpg
1590,871.jpg.jpg
3470,872.jpg.jpg
197,873.jpg.jpg
438,874.jpg.jpg
940,875.jpg.jpg
1470,876.jpg.jpg
1432,877.jpg.jpg
495,878.jpg.jpg
4480,879.jpg.jpg
3274,880.jpg.jpg
4764,881.jpg.jpg
11145,882.jpg.jpg
6910,883.jpg.jpg
509,884.jpg.jpg
2290,885.jpg.jpg
3015,886.jpg.jpg
6710,887.jpg.jpg
9250,888.jpg.jpg
3475,889.jpg.jpg
810,890.jpg.jpg
730,891.jpg.jpg
1929,892.jpg.jpg
708,893.jpg.jpg
2270,894.jpg.jpg
1924,895.jpg.jpg
4485,896.jpg.jpg
4330,897.jpg.jpg
1890,898.jpg.jpg
3073,899.jpg.jpg
2795,900.jpg.jpg
5370,901.jpg.jpg
1058,902.jpg.jpg
2840,903.jpg.jpg
1300,904.jpg.jpg
2934,905.jpg.jpg
1035,906.jpg.jpg
8015,907.jpg.jpg
968,908.jpg.jpg
2595,909.jpg.jpg
3978,910.jpg.jpg
2675,911.jpg.jpg
2800,912.jpg.jpg
1405,913.jpg.jpg
700,914.jpg.jpg
2290,915.jpg.jpg
615,916.jpg.jpg
5520,917.jpg.jpg
1310,918.jpg.jpg
2855,919.jpg.jpg
1813,920.jpg.jpg
3045,921.jpg.jpg
2923,922.jpg.jpg
1055,923.jpg.jpg
2440,924.jpg.jpg
5603,925.jpg.jpg
1636,926.jpg.jpg
2280,927.jpg.jpg
4393,928.jpg.jpg
985,929.jpg.jpg
614,930.jpg.jpg
10670,931.jpg.jpg
3500,932.jpg.jpg
825,933.jpg.jpg
1995,934.jpg.jpg
1215,935.jpg.jpg
7150,936.jpg.jpg
12733,937.jpg.jpg
1300,938.jpg.jpg
573,939.jpg.jpg
2815,940.jpg.jpg
1568,941.jpg.jpg
960,942.jpg.jpg
670,943.jpg.jpg
1220,944.jpg.jpg
1275,945.jpg.jpg
1935,946.jpg.jpg
1180,947.jpg.jpg
2604,948.jpg.jpg
1110,949.jpg.jpg
1005,950.jpg.jpg
1720,951.jpg.jpg
8900,952.jpg.jpg
3105,953.jpg.jpg
2755,954.jpg.jpg
561,955.jpg.jpg
2312,956.jpg.jpg
408,957.jpg.jpg
405,958.jpg.jpg
576,959.jpg.jpg
4210,960.jpg.jpg
4722,961.jpg.jpg
5600,962.jpg.jpg
3630,963.jpg.jpg
4055,964.jpg.jpg
656,965.jpg.jpg
27550,966.jpg.jpg
815,967.jpg.jpg
2250,968.jpg.jpg
500,969.jpg.jpg
3140,970.jpg.jpg
715,971.jpg.jpg
1279,972.jpg.jpg
3210,973.jpg.jpg
1915,974.jpg.jpg
1230,975.jpg.jpg
2235,976.jpg.jpg
4260,977.jpg.jpg
4460,978.jpg.jpg
2770,979.jpg.jpg
1190,980.jpg.jpg
2595,981.jpg.jpg
3735,982.jpg.jpg
1200,983.jpg.jpg
5425,984.jpg.jpg
2584,985.jpg.jpg
2565,986.jpg.jpg
33925,987.jpg.jpg
1410,988.jpg.jpg
3792,989.jpg.jpg
6455,990.jpg.jpg
3750,991.jpg.jpg
12310,992.jpg.jpg
3945,993.jpg.jpg
9153,994.jpg.jpg
3735,995.jpg.jpg
806,996.jpg.jpg
4430,997.jpg.jpg
2360,998.jpg.jpg
3425,999.jpg.jpg
1090,1000.jpg.jpg
6610,1001.jpg.jpg
5565,1002.jpg.jpg
216,1003.jpg.jpg
3205,1004.jpg.jpg
1762,1005.jpg.jpg
5118,1006.jpg.jpg
218,1007.jpg.jpg
14355,1008.jpg.jpg
405,1009.jpg.jpg
331,1010.jpg.jpg
11000,1011.jpg.jpg
1472,1012.jpg.jpg
3655,1013.jpg.jpg
612,1014.jpg.jpg
4275,1015.jpg.jpg
406,1016.jpg.jpg
2700,1017.jpg.jpg
2430,1018.jpg.jpg
2270,1019.jpg.jpg
4049,1020.jpg.jpg
8440,1021.jpg.jpg
845,1022.jpg.jpg
1282,1023.jpg.jpg
186,1024.jpg.jpg
1400,1025.jpg.jpg
4610,1026.jpg.jpg
2935,1027.jpg.jpg
10615,1028.jpg.jpg
408,1029.jpg.jpg
7930,1030.jpg.jpg
1279,1031.jpg.jpg
3210,1032.jpg.jpg
4110,1033.jpg.jpg
517,1034.jpg.jpg
3280,1035.jpg.jpg
8985,1036.jpg.jpg
1713,1037.jpg.jpg
8475,1038.jpg.jpg
785,1039.jpg.jpg
4220,1040.jpg.jpg
1224,1041.jpg.jpg
788,1042.jpg.jpg
909,1043.jpg.jpg
1663,1044.jpg.jpg
10575,1045.jpg.jpg
3265,1046.jpg.jpg
458,1047.jpg.jpg
20450,1048.jpg.jpg
4600,1049.jpg.jpg
3290,1050.jpg.jpg
10760,1051.jpg.jpg
3255,1052.jpg.jpg
3435,1053.jpg.jpg
277,1054.jpg.jpg
1405,1055.jpg.jpg
5025,1056.jpg.jpg
828,1057.jpg.jpg
5410,1058.jpg.jpg
1280,1059.jpg.jpg
2010,1060.jpg.jpg
1190,1061.jpg.jpg
250,1062.jpg.jpg
11240,1063.jpg.jpg
845,1064.jpg.jpg
2421,1065.jpg.jpg
1810,1066.jpg.jpg
898,1067.jpg.jpg
1685,1068.jpg.jpg
6155,1069.jpg.jpg
822,1070.jpg.jpg
21075,1071.jpg.jpg
1405,1072.jpg.jpg
2168,1073.jpg.jpg
7275,1074.jpg.jpg
3225,1075.jpg.jpg
1840,1076.jpg.jpg
499,1077.jpg.jpg
447,1078.jpg.jpg
595,1079.jpg.jpg
730,1080.jpg.jpg
992,1081.jpg.jpg
10330,1082.jpg.jpg
3710,1083.jpg.jpg
3120,1084.jpg.jpg
530,1085.jpg.jpg
1889,1086.jpg.jpg
7208,1087.jpg.jpg
182,1088.jpg.jpg
1460,1089.jpg.jpg
1885,1090.jpg.jpg
2412,1091.jpg.jpg
670,1092.jpg.jpg
3255,1093.jpg.jpg
1880,1094.jpg.jpg
2875,1095.jpg.jpg
773,1096.jpg.jpg
869,1097.jpg.jpg
395,1098.jpg.jpg
1265,1099.jpg.jpg
7400,1100.jpg.jpg
1984,1101.jpg.jpg
17220,1102.jpg.jpg
10135,1103.jpg.jpg
18585,1104.jpg.jpg
1435,1105.jpg.jpg
1465,1106.jpg.jpg
2300,1107.jpg.jpg
1150,1108.jpg.jpg
5380,1109.jpg.jpg
260,1110.jpg.jpg
844,1111.jpg.jpg
1820,1112.jpg.jpg
1285,1113.jpg.jpg
495,1114.jpg.jpg
2810,1115.jpg.jpg
1110,1116.jpg.jpg
418,1117.jpg.jpg
3675,1118.jpg.jpg
3830,1119.jpg.jpg
313,1120.jpg.jpg
1150,1121.jpg.jpg
10130,1122.jpg.jpg
1590,1123.jpg.jpg
1633,1124.jpg.jpg
260,1125.jpg.jpg
2470,1126.jpg.jpg
4431,1127.jpg.jpg
9950,1128.jpg.jpg
182,1129.jpg.jpg
1042,1130.jpg.jpg
2975,1131.jpg.jpg
3820,1132.jpg.jpg
395,1133.jpg.jpg
3975,1134.jpg.jpg
495,1135.jpg.jpg
3705,1136.jpg.jpg
3750,1137.jpg.jpg
2795,1138.jpg.jpg
5395,1139.jpg.jpg
5460,1140.jpg.jpg
460,1141.jpg.jpg
3815,1142.jpg.jpg
11880,1143.jpg.jpg
536,1144.jpg.jpg
3085,1145.jpg.jpg
995,1146.jpg.jpg
418,1147.jpg.jpg
1265,1148.jpg.jpg
41290,1149.jpg.jpg
260,1150.jpg.jpg
998,1151.jpg.jpg
5078,1152.jpg.jpg
596,1153.jpg.jpg
4550,1154.jpg.jpg
7320,1155.jpg.jpg
3865,1156.jpg.jpg
2027,1157.jpg.jpg
592,1158.jpg.jpg
1465,1159.jpg.jpg
4430,1160.jpg.jpg
761,1161.jpg.jpg
730,1162.jpg.jpg
764,1163.jpg.jpg
1340,1164.jpg.jpg
6495,1165.jpg.jpg
2411,1166.jpg.jpg
4350,1167.jpg.jpg
2609,1168.jpg.jpg
5740,1169.jpg.jpg
3675,1170.jpg.jpg
1415,1171.jpg.jpg
9865,1172.jpg.jpg
3055,1173.jpg.jpg
1880,1174.jpg.jpg
1004,1175.jpg.jpg
1635,1176.jpg.jpg
7320,1177.jpg.jpg
7150,1178.jpg.jpg
2070,1179.jpg.jpg
938,1180.jpg.jpg
2122,1181.jpg.jpg
8475,1182.jpg.jpg
885,1183.jpg.jpg
3126,1184.jpg.jpg
2220,1185.jpg.jpg
1705,1186.jpg.jpg
2244,1187.jpg.jpg
7498,1188.jpg.jpg
2538,1189.jpg.jpg
2220,1190.jpg.jpg
1225,1191.jpg.jpg
237,1192.jpg.jpg
1210,1193.jpg.jpg
990,1194.jpg.jpg
300,1195.jpg.jpg
2640,1196.jpg.jpg
1493,1197.jpg.jpg
460,1198.jpg.jpg
3230,1199.jpg.jpg
495,1200.jpg.jpg
2155,1201.jpg.jpg
1465,1202.jpg.jpg
2045,1203.jpg.jpg
5388,1204.jpg.jpg
1350,1205.jpg.jpg
1705,1206.jpg.jpg
837,1207.jpg.jpg
3335,1208.jpg.jpg
2608,1209.jpg.jpg
8760,1210.jpg.jpg
313,1211.jpg.jpg
1150,1212.jpg.jpg
1500,1213.jpg.jpg
2277,1214.jpg.jpg
353,1215.jpg.jpg
11000,1216.jpg.jpg
2412,1217.jpg.jpg
1150,1218.jpg.jpg
2795,1219.jpg.jpg
1455,1220.jpg.jpg
2720,1221.jpg.jpg
1276,1222.jpg.jpg
574,1223.jpg.jpg
2795,1224.jpg.jpg
5770,1225.jpg.jpg
511,1226.jpg.jpg
2438,1227.jpg.jpg
7740,1228.jpg.jpg
6955,1229.jpg.jpg
1099,1230.jpg.jpg
3691,1231.jpg.jpg
4215,1232.jpg.jpg
1013,1233.jpg.jpg
5480,1234.jpg.jpg
2805,1235.jpg.jpg
7948,1236.jpg.jpg
8495,1237.jpg.jpg
151,1238.jpg.jpg
648,1239.jpg.jpg
7385,1240.jpg.jpg
7740,1241.jpg.jpg
2408,1242.jpg.jpg
2330,1243.jpg.jpg
3857,1244.jpg.jpg
1950,1245.jpg.jpg
823,1246.jpg.jpg
439,1247.jpg.jpg
668,1248.jpg.jpg
1575,1249.jpg.jpg
4589,1250.jpg.jpg
1635,1251.jpg.jpg
5310,1252.jpg.jpg
928,1253.jpg.jpg
399,1254.jpg.jpg
3825,1255.jpg.jpg
2170,1256.jpg.jpg
2030,1257.jpg.jpg
343,1258.jpg.jpg
985,1259.jpg.jpg
7755,1260.jpg.jpg
2995,1261.jpg.jpg
5860,1262.jpg.jpg
813,1263.jpg.jpg
1168,1264.jpg.jpg
1170,1265.jpg.jpg
1548,1266.jpg.jpg
1061,1267.jpg.jpg
628,1268.jpg.jpg
1950,1269.jpg.jpg
1085,1270.jpg.jpg
1798,1271.jpg.jpg
5750,1272.jpg.jpg
598,1273.jpg.jpg
1105,1274.jpg.jpg
486,1275.jpg.jpg
2412,1276.jpg.jpg
2260,1277.jpg.jpg
6245,1278.jpg.jpg
4075,1279.jpg.jpg
4375,1280.jpg.jpg
375,1281.jpg.jpg
792,1282.jpg.jpg
2680,1283.jpg.jpg
642,1284.jpg.jpg
937,1285.jpg.jpg
2300,1286.jpg.jpg
2160,1287.jpg.jpg
1966,1288.jpg.jpg
615,1289.jpg.jpg
5325,1290.jpg.jpg
3345,1291.jpg.jpg
3290,1292.jpg.jpg
495,1293.jpg.jpg
1440,1294.jpg.jpg
6330,1295.jpg.jpg
700,1296.jpg.jpg
869,1297.jpg.jpg
521,1298.jpg.jpg
390,1299.jpg.jpg
879,1300.jpg.jpg
1025,1301.jpg.jpg
1735,1302.jpg.jpg
1602,1303.jpg.jpg
1820,1304.jpg.jpg
3435,1305.jpg.jpg
447,1306.jpg.jpg
1535,1307.jpg.jpg
2753,1308.jpg.jpg
4700,1309.jpg.jpg
2855,1310.jpg.jpg
313,1311.jpg.jpg
9308,1312.jpg.jpg
4180,1313.jpg.jpg
3200,1314.jpg.jpg
322,1315.jpg.jpg
4740,1316.jpg.jpg
874,1317.jpg.jpg
2825,1318.jpg.jpg
208,1319.jpg.jpg
3700,1320.jpg.jpg
2084,1321.jpg.jpg
224,1322.jpg.jpg
417,1323.jpg.jpg
2128,1324.jpg.jpg
6203,1325.jpg.jpg
2813,1326.jpg.jpg
635,1327.jpg.jpg
561,1328.jpg.jpg
5155,1329.jpg.jpg
1815,1330.jpg.jpg
1402,1331.jpg.jpg
7130,1332.jpg.jpg
359,1333.jpg.jpg
2625,1334.jpg.jpg
405,1335.jpg.jpg
17290,1336.jpg.jpg
753,1337.jpg.jpg
2580,1338.jpg.jpg
61980,1339.jpg.jpg
2743,1340.jpg.jpg
598,1341.jpg.jpg
1159,1342.jpg.jpg
1465,1343.jpg.jpg
1770,1344.jpg.jpg
2070,1345.jpg.jpg
862,1346.jpg.jpg
7390,1347.jpg.jpg
3210,1348.jpg.jpg
6098,1349.jpg.jpg
804,1350.jpg.jpg
1245,1351.jpg.jpg
2412,1352.jpg.jpg
1950,1353.jpg.jpg
2975,1354.jpg.jpg
1976,1355.jpg.jpg
775,1356.jpg.jpg
4285,1357.jpg.jpg
6330,1358.jpg.jpg
1008,1359.jpg.jpg
2450,1360.jpg.jpg
4298,1361.jpg.jpg
2575,1362.jpg.jpg
2333,1363.jpg.jpg
428,1364.jpg.jpg
14305,1365.jpg.jpg
502,1366.jpg.jpg
2883,1367.jpg.jpg
405,1368.jpg.jpg
1430,1369.jpg.jpg
16775,1370.jpg.jpg
3280,1371.jpg.jpg
3490,1372.jpg.jpg
2753,1373.jpg.jpg
3640,1374.jpg.jpg
302,1375.jpg.jpg
4735,1376.jpg.jpg
260,1377.jpg.jpg
2113,1378.jpg.jpg
4761,1379.jpg.jpg
2240,1380.jpg.jpg
1145,1381.jpg.jpg
4025,1382.jpg.jpg
8950,1383.jpg.jpg
2830,1384.jpg.jpg
3540,1385.jpg.jpg
3217,1386.jpg.jpg
3965,1387.jpg.jpg
2175,1388.jpg.jpg
1499,1389.jpg.jpg
4248,1390.jpg.jpg
2275,1391.jpg.jpg
3020,1392.jpg.jpg
2605,1393.jpg.jpg
50905,1394.jpg.jpg
2657,1395.jpg.jpg
1624,1396.jpg.jpg
4180,1397.jpg.jpg
4785,1398.jpg.jpg
930,1399.jpg.jpg
890,1400.jpg.jpg
521,1401.jpg.jpg
1064,1402.jpg.jpg
495,1403.jpg.jpg
3632,1404.jpg.jpg
1950,1405.jpg.jpg
8950,1406.jpg.jpg
2400,1407.jpg.jpg
2215,1408.jpg.jpg
4740,1409.jpg.jpg
2473,1410.jpg.jpg
1652,1411.jpg.jpg
5310,1412.jpg.jpg
750,1413.jpg.jpg
195,1414.jpg.jpg
2020,1415.jpg.jpg
1705,1416.jpg.jpg
638,1417.jpg.jpg
855,1418.jpg.jpg
3853,1419.jpg.jpg
4180,1420.jpg.jpg
1413,1421.jpg.jpg
855,1422.jpg.jpg
2085,1423.jpg.jpg
6420,1424.jpg.jpg
145,1425.jpg.jpg
9000,1426.jpg.jpg
3767,1427.jpg.jpg
3420,1428.jpg.jpg
5070,1429.jpg.jpg
2625,1430.jpg.jpg
2845,1431.jpg.jpg
18250,1432.jpg.jpg
5290,1433.jpg.jpg
900,1434.jpg.jpg
12913,1435.jpg.jpg
1190,1436.jpg.jpg
15050,1437.jpg.jpg
199,1438.jpg.jpg
1274,1439.jpg.jpg
1004,1440.jpg.jpg
4645,1441.jpg.jpg
5225,1442.jpg.jpg
667,1443.jpg.jpg
2795,1444.jpg.jpg
2636,1445.jpg.jpg
20160,1446.jpg.jpg
649,1447.jpg.jpg
6280,1448.jpg.jpg
1054,1449.jpg.jpg
4830,1450.jpg.jpg
520,1451.jpg.jpg
2258,1452.jpg.jpg
14841,1453.jpg.jpg
742,1454.jpg.jpg
6135,1455.jpg.jpg
355,1456.jpg.jpg
3788,1457.jpg.jpg
2790,1458.jpg.jpg
2995,1459.jpg.jpg
2122,1460.jpg.jpg
479,1461.jpg.jpg
5620,1462.jpg.jpg
5130,1463.jpg.jpg
2753,1464.jpg.jpg
870,1465.jpg.jpg
2640,1466.jpg.jpg
1705,1467.jpg.jpg
12920,1468.jpg.jpg
1887,1469.jpg.jpg
3545,1470.jpg.jpg
7420,1471.jpg.jpg
2049,1472.jpg.jpg
2243,1473.jpg.jpg
685,1474.jpg.jpg
1390,1475.jpg.jpg
1975,1476.jpg.jpg
2837,1477.jpg.jpg
2450,1478.jpg.jpg
195,1479.jpg.jpg
1580,1480.jpg.jpg
5247,1481.jpg.jpg
842,1482.jpg.jpg
17229,1483.jpg.jpg
2230,1484.jpg.jpg
1855,1485.jpg.jpg
15005,1486.jpg.jpg
1001,1487.jpg.jpg
8460,1488.jpg.jpg
187,1489.jpg.jpg
1860,1490.jpg.jpg
4515,1491.jpg.jpg
2625,1492.jpg.jpg
604,1493.jpg.jpg
9230,1494.jpg.jpg
2124,1495.jpg.jpg
885,1496.jpg.jpg
2723,1497.jpg.jpg
11130,1498.jpg.jpg
3860,1499.jpg.jpg
495,1500.jpg.jpg
2985,1501.jpg.jpg
1545,1502.jpg.jpg
2140,1503.jpg.jpg
3480,1504.jpg.jpg
2070,1505.jpg.jpg
3990,1506.jpg.jpg
837,1507.jpg.jpg
3915,1508.jpg.jpg
670,1509.jpg.jpg
3190,1510.jpg.jpg
12190,1511.jpg.jpg
313,1512.jpg.jpg
422,1513.jpg.jpg
2449,1514.jpg.jpg
2671,1515.jpg.jpg
311,1516.jpg.jpg
2175,1517.jpg.jpg
7830,1518.jpg.jpg
248,1519.jpg.jpg
3584,1520.jpg.jpg
7175,1521.jpg.jpg
1333,1522.jpg.jpg
1128,1523.jpg.jpg
2000,1524.jpg.jpg
2710,1525.jpg.jpg
3998,1526.jpg.jpg
1993,1527.jpg.jpg
6195,1528.jpg.jpg
1060,1529.jpg.jpg
2700,1530.jpg.jpg
7490,1531.jpg.jpg
4550,1532.jpg.jpg
2749,1533.jpg.jpg
2975,1534.jpg.jpg
6740,1535.jpg.jpg
1860,1536.jpg.jpg
2760,1537.jpg.jpg
2097,1538.jpg.jpg
5060,1539.jpg.jpg
3990,1540.jpg.jpg
1505,1541.jpg.jpg
561,1542.jpg.jpg
1808,1543.jpg.jpg
1495,1544.jpg.jpg
1465,1545.jpg.jpg
6284,1546.jpg.jpg
20200,1547.jpg.jpg
1390,1548.jpg.jpg
4145,1549.jpg.jpg
9588,1550.jpg.jpg
5290,1551.jpg.jpg
2739,1552.jpg.jpg
2355,1553.jpg.jpg
2005,1554.jpg.jpg
7510,1555.jpg.jpg
2555,1556.jpg.jpg
6275,1557.jpg.jpg
11000,1558.jpg.jpg
1325,1559.jpg.jpg
2793,1560.jpg.jpg
1830,1561.jpg.jpg
1225,1562.jpg.jpg
565,1563.jpg.jpg
1098,1564.jpg.jpg
5630,1565.jpg.jpg
3275,1566.jpg.jpg
1280,1567.jpg.jpg
1965,1568.jpg.jpg
589,1569.jpg.jpg
975,1570.jpg.jpg
511,1571.jpg.jpg
845,1572.jpg.jpg
438,1573.jpg.jpg
850,1574.jpg.jpg
686,1575.jpg.jpg
3400,1576.jpg.jpg
3220,1577.jpg.jpg
5420,1578.jpg.jpg
390,1579.jpg.jpg
3741,1580.jpg.jpg
3622,1581.jpg.jpg
2795,1582.jpg.jpg
3611,1583.jpg.jpg
5995,1584.jpg.jpg
3344,1585.jpg.jpg
1390,1586.jpg.jpg
1310,1587.jpg.jpg
6330,1588.jpg.jpg
1705,1589.jpg.jpg
999,1590.jpg.jpg
1170,1591.jpg.jpg
248,1592.jpg.jpg
3070,1593.jpg.jpg
1635,1594.jpg.jpg
683,1595.jpg.jpg
1590,1596.jpg.jpg
720,1597.jpg.jpg
1528,1598.jpg.jpg
1004,1599.jpg.jpg
495,1600.jpg.jpg
1248,1601.jpg.jpg
1320,1602.jpg.jpg
4529,1603.jpg.jpg
1115,1604.jpg.jpg
4550,1605.jpg.jpg
2583,1606.jpg.jpg
2895,1607.jpg.jpg
3230,1608.jpg.jpg
1425,1609.jpg.jpg
1110,1610.jpg.jpg
5115,1611.jpg.jpg
1907,1612.jpg.jpg
2465,1613.jpg.jpg
10620,1614.jpg.jpg
2073,1615.jpg.jpg
2750,1616.jpg.jpg
3979,1617.jpg.jpg
1503,1618.jpg.jpg
521,1619.jpg.jpg
1956,1620.jpg.jpg
1919,1621.jpg.jpg
5600,1622.jpg.jpg
8475,1623.jpg.jpg
1109,1624.jpg.jpg
669,1625.jpg.jpg
1920,1626.jpg.jpg
1659,1627.jpg.jpg
5630,1628.jpg.jpg
3200,1629.jpg.jpg
3255,1630.jpg.jpg
530,1631.jpg.jpg
1215,1632.jpg.jpg
4495,1633.jpg.jpg
8900,1634.jpg.jpg
4485,1635.jpg.jpg
1230,1636.jpg.jpg
31795,1637.jpg.jpg
1425,1638.jpg.jpg
1485,1639.jpg.jpg
2920,1640.jpg.jpg
1004,1641.jpg.jpg
6910,1642.jpg.jpg
3087,1643.jpg.jpg
849,1644.jpg.jpg
685,1645.jpg.jpg
1593,1646.jpg.jpg
1990,1647.jpg.jpg
3915,1648.jpg.jpg
803,1649.jpg.jpg
985,1650.jpg.jpg
648,1651.jpg.jpg
3790,1652.jpg.jpg
2122,1653.jpg.jpg
1662,1654.jpg.jpg
1916,1655.jpg.jpg
7550,1656.jpg.jpg
904,1657.jpg.jpg
1670,1658.jpg.jpg
4700,1659.jpg.jpg
5995,1660.jpg.jpg
3410,1661.jpg.jpg
1545,1662.jpg.jpg
4560,1663.jpg.jpg
4410,1664.jpg.jpg
3700,1665.jpg.jpg
10944,1666.jpg.jpg
4260,1667.jpg.jpg
1640,1668.jpg.jpg
1460,1669.jpg.jpg
10685,1670.jpg.jpg
595,1671.jpg.jpg
195,1672.jpg.jpg
531,1673.jpg.jpg
9365,1674.jpg.jpg
2244,1675.jpg.jpg
1350,1676.jpg.jpg
4000,1677.jpg.jpg
2575,1678.jpg.jpg
868,1679.jpg.jpg
495,1680.jpg.jpg
3560,1681.jpg.jpg
4430,1682.jpg.jpg
1755,1683.jpg.jpg
8630,1684.jpg.jpg
2830,1685.jpg.jpg
2010,1686.jpg.jpg
1465,1687.jpg.jpg
1504,1688.jpg.jpg
228,1689.jpg.jpg
8366,1690.jpg.jpg
8765,1691.jpg.jpg
1830,1692.jpg.jpg
1830,1693.jpg.jpg
1879,1694.jpg.jpg
564,1695.jpg.jpg
9003,1696.jpg.jpg
1620,1697.jpg.jpg
3767,1698.jpg.jpg
1923,1699.jpg.jpg
773,1700.jpg.jpg
3190,1701.jpg.jpg
1883,1702.jpg.jpg
3265,1703.jpg.jpg
433,1704.jpg.jpg
2257,1705.jpg.jpg
500,1706.jpg.jpg
3610,1707.jpg.jpg
3280,1708.jpg.jpg
5835,1709.jpg.jpg
1350,1710.jpg.jpg
716,1711.jpg.jpg
10085,1712.jpg.jpg
106300,1713.jpg.jpg
460,1714.jpg.jpg
4730,1715.jpg.jpg
1530,1716.jpg.jpg
9000,1717.jpg.jpg
9570,1718.jpg.jpg
32350,1719.jpg.jpg
422,1720.jpg.jpg
3743,1721.jpg.jpg
899,1722.jpg.jpg
1530,1723.jpg.jpg
6245,1724.jpg.jpg
928,1725.jpg.jpg
12710,1726.jpg.jpg
1268,1727.jpg.jpg
1670,1728.jpg.jpg
3700,1729.jpg.jpg
1630,1730.jpg.jpg
573,1731.jpg.jpg
3363,1732.jpg.jpg
1650,1733.jpg.jpg
2160,1734.jpg.jpg
2240,1735.jpg.jpg
1269,1736.jpg.jpg
3735,1737.jpg.jpg
715,1738.jpg.jpg
4550,1739.jpg.jpg
1150,1740.jpg.jpg
3605,1741.jpg.jpg
175,1742.jpg.jpg
4025,1743.jpg.jpg
2301,1744.jpg.jpg
1159,1745.jpg.jpg
7850,1746.jpg.jpg
9695,1747.jpg.jpg
3445,1748.jpg.jpg
999,1749.jpg.jpg
2270,1750.jpg.jpg
985,1751.jpg.jpg
1345,1752.jpg.jpg
2100,1753.jpg.jpg
3340,1754.jpg.jpg
2175,1755.jpg.jpg
700,1756.jpg.jpg
4025,1757.jpg.jpg
2795,1758.jpg.jpg
3087,1759.jpg.jpg
490,1760.jpg.jpg
1128,1761.jpg.jpg
246,1762.jpg.jpg
289,1763.jpg.jpg
1950,1764.jpg.jpg
2700,1765.jpg.jpg
4760,1766.jpg.jpg
2739,1767.jpg.jpg
14015,1768.jpg.jpg
1880,1769.jpg.jpg
753,1770.jpg.jpg
1128,1771.jpg.jpg
1086,1772.jpg.jpg
680,1773.jpg.jpg
3140,1774.jpg.jpg
215,1775.jpg.jpg
247,1776.jpg.jpg
1740,1777.jpg.jpg
635,1778.jpg.jpg
10750,1779.jpg.jpg
1064,1780.jpg.jpg
3735,1781.jpg.jpg
258,1782.jpg.jpg
668,1783.jpg.jpg
1865,1784.jpg.jpg
7830,1785.jpg.jpg
317,1786.jpg.jpg
7310,1787.jpg.jpg
2510,1788.jpg.jpg
1410,1789.jpg.jpg
624,1790.jpg.jpg
2134,1791.jpg.jpg
21340,1792.jpg.jpg
7700,1793.jpg.jpg
3850,1794.jpg.jpg
9915,1795.jpg.jpg
2055,1796.jpg.jpg
1150,1797.jpg.jpg
8140,1798.jpg.jpg
500,1799.jpg.jpg
2030,1800.jpg.jpg
617,1801.jpg.jpg
4450,1802.jpg.jpg
3955,1803.jpg.jpg
4700,1804.jpg.jpg
3640,1805.jpg.jpg
4819,1806.jpg.jpg
6165,1807.jpg.jpg
438,1808.jpg.jpg
1674,1809.jpg.jpg
5445,1810.jpg.jpg
1195,1811.jpg.jpg
3865,1812.jpg.jpg
2814,1813.jpg.jpg
2566,1814.jpg.jpg
448,1815.jpg.jpg
2770,1816.jpg.jpg
2205,1817.jpg.jpg
2092,1818.jpg.jpg
6060,1819.jpg.jpg
2065,1820.jpg.jpg
603,1821.jpg.jpg
4460,1822.jpg.jpg
1166,1823.jpg.jpg
638,1824.jpg.jpg
711,1825.jpg.jpg
10555,1826.jpg.jpg
1923,1827.jpg.jpg
5650,1828.jpg.jpg
4925,1829.jpg.jpg
2045,1830.jpg.jpg
1255,1831.jpg.jpg
3105,1832.jpg.jpg
1885,1833.jpg.jpg
2185,1834.jpg.jpg
2175,1835.jpg.jpg
845,1836.jpg.jpg
1117,1837.jpg.jpg
2160,1838.jpg.jpg
1965,1839.jpg.jpg
960,1840.jpg.jpg
1995,1841.jpg.jpg
10575,1842.jpg.jpg
4025,1843.jpg.jpg
585,1844.jpg.jpg
2583,1845.jpg.jpg
1300,1846.jpg.jpg
1145,1847.jpg.jpg
2065,1848.jpg.jpg
4958,1849.jpg.jpg
999,1850.jpg.jpg
2314,1851.jpg.jpg
793,1852.jpg.jpg
1978,1853.jpg.jpg
5750,1854.jpg.jpg
2470,1855.jpg.jpg
8960,1856.jpg.jpg
1023,1857.jpg.jpg
7500,1858.jpg.jpg
1060,1859.jpg.jpg
3845,1860.jpg.jpg
2895,1861.jpg.jpg
2640,1862.jpg.jpg
418,1863.jpg.jpg
523,1864.jpg.jpg
593,1865.jpg.jpg
815,1866.jpg.jpg
17320,1867.jpg.jpg
574,1868.jpg.jpg
1634,1869.jpg.jpg
2975,1870.jpg.jpg
893,1871.jpg.jpg
8865,1872.jpg.jpg
1135,1873.jpg.jpg
1953,1874.jpg.jpg
3830,1875.jpg.jpg
395,1876.jpg.jpg
373,1877.jpg.jpg
1268,1878.jpg.jpg
289,1879.jpg.jpg
2920,1880.jpg.jpg
904,1881.jpg.jpg
1903,1882.jpg.jpg
925,1883.jpg.jpg
395,1884.jpg.jpg
670,1885.jpg.jpg
2010,1886.jpg.jpg
1233,1887.jpg.jpg
1615,1888.jpg.jpg
26980,1889.jpg.jpg
5275,1890.jpg.jpg
2618,1891.jpg.jpg
3320,1892.jpg.jpg
3042,1893.jpg.jpg
692,1894.jpg.jpg
5455,1895.jpg.jpg
346,1896.jpg.jpg
521,1897.jpg.jpg
12675,1898.jpg.jpg
1250,1899.jpg.jpg
1425,1900.jpg.jpg
500,1901.jpg.jpg
693,1902.jpg.jpg
2024,1903.jpg.jpg
1668,1904.jpg.jpg
2915,1905.jpg.jpg
3125,1906.jpg.jpg
1915,1907.jpg.jpg
3875,1908.jpg.jpg
2449,1909.jpg.jpg
718,1910.jpg.jpg
1956,1911.jpg.jpg
1956,1912.jpg.jpg
3225,1913.jpg.jpg
500,1914.jpg.jpg
8475,1915.jpg.jpg
2715,1916.jpg.jpg
1008,1917.jpg.jpg
448,1918.jpg.jpg
785,1919.jpg.jpg
784,1920.jpg.jpg
1350,1921.jpg.jpg
915,1922.jpg.jpg
378,1923.jpg.jpg
1463,1924.jpg.jpg
1120,1925.jpg.jpg
551,1926.jpg.jpg
4025,1927.jpg.jpg
687,1928.jpg.jpg
4180,1929.jpg.jpg
5750,1930.jpg.jpg
1755,1931.jpg.jpg
290,1932.jpg.jpg
5460,1933.jpg.jpg
3985,1934.jpg.jpg
5225,1935.jpg.jpg
1590,1936.jpg.jpg
1755,1937.jpg.jpg
495,1938.jpg.jpg
16070,1939.jpg.jpg
5595,1940.jpg.jpg
4275,1941.jpg.jpg
950,1942.jpg.jpg
7850,1943.jpg.jpg
960,1944.jpg.jpg
457,1945.jpg.jpg
786,1946.jpg.jpg
2100,1947.jpg.jpg
3240,1948.jpg.jpg
3111,1949.jpg.jpg
1013,1950.jpg.jpg
3107,1951.jpg.jpg
4965,1952.jpg.jpg
195,1953.jpg.jpg
3523,1954.jpg.jpg
1145,1955.jpg.jpg
2365,1956.jpg.jpg
2975,1957.jpg.jpg
2300,1958.jpg.jpg
1600,1959.jpg.jpg
6203,1960.jpg.jpg
1994,1961.jpg.jpg
5985,1962.jpg.jpg
683,1963.jpg.jpg
2215,1964.jpg.jpg
1086,1965.jpg.jpg
825,1966.jpg.jpg
2024,1967.jpg.jpg
1159,1968.jpg.jpg
5092,1969.jpg.jpg
2092,1970.jpg.jpg
1123,1971.jpg.jpg
1393,1972.jpg.jpg
2320,1973.jpg.jpg
2745,1974.jpg.jpg
520,1975.jpg.jpg
1495,1976.jpg.jpg
1845,1977.jpg.jpg
1228,1978.jpg.jpg
790,1979.jpg.jpg
1735,1980.jpg.jpg
3855,1981.jpg.jpg
880,1982.jpg.jpg
4075,1983.jpg.jpg
10465,1984.jpg.jpg
5480,1985.jpg.jpg
2345,1986.jpg.jpg
1160,1987.jpg.jpg
374,1988.jpg.jpg
8160,1989.jpg.jpg
330,1990.jpg.jpg
7865,1991.jpg.jpg
1205,1992.jpg.jpg
7243,1993.jpg.jpg
1129,1994.jpg.jpg
1203,1995.jpg.jpg
5155,1996.jpg.jpg
2890,1997.jpg.jpg
6900,1998.jpg.jpg
2803,1999.jpg.jpg
2478,2000.jpg.jpg
